{"cameraMode":{"drawMode":0,"name":"Shaded","section":"Shading Mode"},"sceneLighting":false,"audioPlay":false,"sceneViewState":{"m_AlwaysRefresh":false,"showFog":true,"showSkybox":false,"showFlares":true,"showImageEffects":true,"showParticleSystems":true,"showVisualEffectGraphs":true,"m_FxEnabled":true},"in2DMode":false,"pivot":{"x":-4.003970623016357,"y":1.5998551845550538,"z":-2.7379908561706545},"rotation":{"x":0.0013093897141516209,"y":0.9950407147407532,"z":-0.09883034974336624,"w":0.01313069462776184},"size":1.2187764644622803,"orthographic":false}