{"cameraMode":{"drawMode":0,"name":"Shaded","section":"Shading Mode"},"sceneLighting":false,"audioPlay":false,"sceneViewState":{"m_AlwaysRefresh":false,"showFog":true,"showSkybox":false,"showFlares":true,"showImageEffects":true,"showParticleSystems":true,"showVisualEffectGraphs":true,"m_FxEnabled":true},"in2DMode":false,"pivot":{"x":1.7881393432617188e-7,"y":0.8644386529922485,"z":-0.023290157318115236},"rotation":{"x":0.0091612683609128,"y":-0.9908790588378906,"z":0.09722711890935898,"w":0.09331049770116806},"size":1.4433053731918336,"orthographic":false}