{"cameraMode":{"drawMode":0,"name":"Shaded","section":"Shading Mode"},"sceneLighting":true,"audioPlay":false,"sceneViewState":{"m_AlwaysRefresh":false,"showFog":true,"showSkybox":false,"showFlares":true,"showImageEffects":true,"showParticleSystems":true,"showVisualEffectGraphs":true,"m_FxEnabled":true},"in2DMode":false,"pivot":{"x":-6.5334320068359379,"y":-1.771899700164795,"z":0.059258460998535159},"rotation":{"x":0.23453257977962495,"y":0.41536304354667666,"z":-0.11187523603439331,"w":0.8720409274101257},"size":9.661175727844239,"orthographic":false}