{"cameraMode":{"drawMode":0,"name":"Shaded","section":"Shading Mode"},"sceneLighting":true,"audioPlay":false,"sceneViewState":{"m_AlwaysRefresh":false,"showFog":true,"showSkybox":false,"showFlares":true,"showImageEffects":true,"showParticleSystems":true,"showVisualEffectGraphs":true,"m_FxEnabled":true},"in2DMode":false,"pivot":{"x":1.4728891849517823,"y":3.0615410804748537,"z":-0.9414868354797363},"rotation":{"x":-0.020146416500210763,"y":-0.9789161086082459,"z":0.16422097384929658,"w":-0.12013120204210282},"size":1.2247449159622193,"orthographic":false}