{"cameraMode":{"drawMode":0,"name":"Shaded","section":"Shading Mode"},"sceneLighting":true,"audioPlay":false,"sceneViewState":{"m_AlwaysRefresh":false,"showFog":false,"showSkybox":false,"showFlares":true,"showImageEffects":true,"showParticleSystems":true,"showVisualEffectGraphs":true,"m_FxEnabled":true},"in2DMode":false,"pivot":{"x":450.58074951171877,"y":82.98617553710938,"z":437.3977966308594},"rotation":{"x":0.02879592962563038,"y":0.0035985142458230259,"z":-0.00010366895730840042,"w":0.9995803236961365},"size":314.3633117675781,"orthographic":true}