{"cameraMode":{"drawMode":0,"name":"Shaded","section":"Shading Mode"},"sceneLighting":true,"audioPlay":false,"sceneViewState":{"m_AlwaysRefresh":false,"showFog":true,"showSkybox":false,"showFlares":true,"showImageEffects":true,"showParticleSystems":true,"showVisualEffectGraphs":true,"m_FxEnabled":true},"in2DMode":false,"pivot":{"x":13.88192367553711,"y":0.5188056230545044,"z":-1.5103001594543458},"rotation":{"x":-0.00039723049849271774,"y":0.9984524250030518,"z":-0.007188988383859396,"w":-0.05517062544822693},"size":3.493938684463501,"orthographic":false}