{"cameraMode":{"drawMode":0,"name":"Shaded","section":"Shading Mode"},"sceneLighting":true,"audioPlay":false,"sceneViewState":{"m_AlwaysRefresh":false,"showFog":true,"showSkybox":false,"showFlares":true,"showImageEffects":true,"showParticleSystems":true,"showVisualEffectGraphs":true,"m_FxEnabled":true},"in2DMode":false,"pivot":{"x":-4.03796911239624,"y":1.399999976158142,"z":-2.5993590354919435},"rotation":{"x":0.002914212644100189,"y":0.992333173751831,"z":-0.12146555632352829,"w":0.023817097768187524},"size":0.9433980584144592,"orthographic":false}