{"cameraMode":{"drawMode":0,"name":"Shaded","section":"Shading Mode"},"sceneLighting":true,"audioPlay":false,"sceneViewState":{"m_AlwaysRefresh":false,"showFog":false,"showSkybox":false,"showFlares":true,"showImageEffects":true,"showParticleSystems":true,"showVisualEffectGraphs":true,"m_FxEnabled":true},"in2DMode":false,"pivot":{"x":292.1232604980469,"y":-178.18569946289063,"z":123.4364013671875},"rotation":{"x":-0.001605206518433988,"y":0.9243340492248535,"z":-0.3815729320049286,"w":-0.0038834181614220144},"size":353.8126220703125,"orthographic":false}