{"cameraMode":{"drawMode":0,"name":"Shaded","section":"Shading Mode"},"sceneLighting":true,"audioPlay":false,"sceneViewState":{"m_AlwaysRefresh":false,"showFog":false,"showSkybox":false,"showFlares":true,"showImageEffects":true,"showParticleSystems":true,"showVisualEffectGraphs":true,"m_FxEnabled":true},"in2DMode":false,"pivot":{"x":-12.006038665771485,"y":2.903109073638916,"z":-6.372756004333496},"rotation":{"x":0.07186497002840042,"y":0.8938046097755432,"z":-0.41468727588653567,"w":0.15489713847637177},"size":10.898292541503907,"orthographic":true}