{"cameraMode":{"drawMode":0,"name":"Shaded","section":"Shading Mode"},"sceneLighting":true,"audioPlay":false,"sceneViewState":{"m_AlwaysRefresh":false,"showFog":false,"showSkybox":false,"showFlares":true,"showImageEffects":true,"showParticleSystems":true,"showVisualEffectGraphs":true,"m_FxEnabled":true},"in2DMode":false,"pivot":{"x":198.28285217285157,"y":11.934335708618164,"z":443.38275146484377},"rotation":{"x":-0.6708959341049194,"y":-0.024443110451102258,"z":0.022149764001369478,"w":-0.7408320903778076},"size":185.58323669433595,"orthographic":true}