{"cameraMode":{"drawMode":0,"name":"Shaded","section":"Shading Mode"},"sceneLighting":true,"audioPlay":false,"sceneViewState":{"m_AlwaysRefresh":false,"showFog":true,"showSkybox":false,"showFlares":true,"showImageEffects":true,"showParticleSystems":true,"showVisualEffectGraphs":true,"m_FxEnabled":true},"in2DMode":false,"pivot":{"x":-4.111442565917969,"y":5.032815933227539,"z":-14.940539360046387},"rotation":{"x":0.10041600465774536,"y":0.8767669200897217,"z":-0.20682117342948914,"w":0.42274001240730288},"size":2.3492813110351564,"orthographic":false}