{"cameraMode":{"drawMode":0,"name":"Shaded","section":"Shading Mode"},"sceneLighting":true,"audioPlay":false,"sceneViewState":{"m_AlwaysRefresh":false,"showFog":true,"showSkybox":false,"showFlares":true,"showImageEffects":true,"showParticleSystems":true,"showVisualEffectGraphs":true,"m_FxEnabled":true},"in2DMode":false,"pivot":{"x":-4.181704521179199,"y":1.6616243124008179,"z":-2.8290786743164064},"rotation":{"x":0.0007932313601486385,"y":0.9991377592086792,"z":-0.034783970564603809,"w":0.0227841604501009},"size":1.1802494525909424,"orthographic":false}