{"cameraMode":{"drawMode":0,"name":"Shaded","section":"Shading Mode"},"sceneLighting":true,"audioPlay":false,"sceneViewState":{"m_AlwaysRefresh":false,"showFog":false,"showSkybox":false,"showFlares":true,"showImageEffects":true,"showParticleSystems":true,"showVisualEffectGraphs":true,"m_FxEnabled":true},"in2DMode":false,"pivot":{"x":217.7508087158203,"y":142.92169189453126,"z":-247.11138916015626},"rotation":{"x":0.16867755353450776,"y":0.011827816255390644,"z":-0.002024297369644046,"w":0.9855990409851074},"size":1.1445519924163819,"orthographic":false}