{"cameraMode":{"drawMode":0,"name":"Shaded","section":"Shading Mode"},"sceneLighting":true,"audioPlay":false,"sceneViewState":{"m_AlwaysRefresh":false,"showFog":true,"showSkybox":false,"showFlares":true,"showImageEffects":true,"showParticleSystems":true,"showVisualEffectGraphs":true,"m_FxEnabled":true},"in2DMode":false,"pivot":{"x":-4.2217793464660648,"y":1.667140007019043,"z":-2.908555269241333},"rotation":{"x":-0.0008828339632600546,"y":0.9991450309753418,"z":-0.029381437227129937,"w":-0.02998705394566059},"size":0.899509847164154,"orthographic":false}