{"cameraMode":{"drawMode":0,"name":"Shaded","section":"Shading Mode"},"sceneLighting":false,"audioPlay":false,"sceneViewState":{"m_AlwaysRefresh":false,"showFog":true,"showSkybox":false,"showFlares":true,"showImageEffects":true,"showParticleSystems":true,"showVisualEffectGraphs":true,"m_FxEnabled":true},"in2DMode":false,"pivot":{"x":-0.25347715616226199,"y":0.016675371676683427,"z":-0.01922898180782795},"rotation":{"x":0.03166673704981804,"y":0.9682279825210571,"z":-0.1671985685825348,"w":0.1833965927362442},"size":0.37092864513397219,"orthographic":false}