{"cameraMode":{"drawMode":0,"name":"Shaded","section":"Shading Mode"},"sceneLighting":false,"audioPlay":false,"sceneViewState":{"m_AlwaysRefresh":false,"showFog":false,"showSkybox":false,"showFlares":true,"showImageEffects":true,"showParticleSystems":true,"showVisualEffectGraphs":true,"m_FxEnabled":true},"in2DMode":false,"pivot":{"x":-3.129410743713379,"y":1.7447727918624879,"z":-2.8660128116607668},"rotation":{"x":0.04082378000020981,"y":-0.7432582974433899,"z":0.045544225722551349,"w":0.6662210822105408},"size":0.38092413544654848,"orthographic":true}