{"cameraMode":{"drawMode":0,"name":"Shaded","section":"Shading Mode"},"sceneLighting":false,"audioPlay":false,"sceneViewState":{"m_AlwaysRefresh":false,"showFog":true,"showSkybox":false,"showFlares":true,"showImageEffects":true,"showParticleSystems":true,"showVisualEffectGraphs":true,"m_FxEnabled":true},"in2DMode":false,"pivot":{"x":-0.2950946092605591,"y":1.3147224187850953,"z":-0.17705321311950684},"rotation":{"x":-0.0008641071035526693,"y":-0.9786223769187927,"z":0.004120033700019121,"w":-0.2058323472738266},"size":0.7899124026298523,"orthographic":false}