{"cameraMode":{"drawMode":0,"name":"Shaded","section":"Shading Mode"},"sceneLighting":false,"audioPlay":false,"sceneViewState":{"m_AlwaysRefresh":false,"showFog":true,"showSkybox":false,"showFlares":true,"showImageEffects":true,"showParticleSystems":true,"showVisualEffectGraphs":true,"m_FxEnabled":true},"in2DMode":false,"pivot":{"x":-5.960464477539063e-8,"y":0.8693007826805115,"z":-0.045302823185920718},"rotation":{"x":0.0091612683609128,"y":-0.9908790588378906,"z":0.09722711890935898,"w":0.09331049770116806},"size":1.4524518251419068,"orthographic":false}