{"cameraMode":{"drawMode":0,"name":"Shaded","section":"Shading Mode"},"sceneLighting":false,"audioPlay":false,"sceneViewState":{"m_AlwaysRefresh":false,"showFog":false,"showSkybox":false,"showFlares":false,"showImageEffects":false,"showParticleSystems":false,"showVisualEffectGraphs":true,"m_FxEnabled":true},"in2DMode":false,"pivot":{"x":-0.7824205756187439,"y":1.4506902694702149,"z":0.36918044090270998},"rotation":{"x":-0.08555106818675995,"y":-0.9141342043876648,"z":0.29303908348083498,"w":-0.2669384777545929},"size":0.7831648588180542,"orthographic":false}