{"cameraMode":{"drawMode":0,"name":"Shaded","section":"Shading Mode"},"sceneLighting":true,"audioPlay":false,"sceneViewState":{"m_AlwaysRefresh":false,"showFog":true,"showSkybox":false,"showFlares":true,"showImageEffects":true,"showParticleSystems":true,"showVisualEffectGraphs":true,"m_FxEnabled":true},"in2DMode":false,"pivot":{"x":2.828402042388916,"y":3.382920026779175,"z":18.240325927734376},"rotation":{"x":-0.0010673442156985403,"y":0.9967374205589294,"z":-0.020730474963784219,"w":-0.07849220186471939},"size":1.6641263961791993,"orthographic":false}