{"cameraMode":{"drawMode":0,"name":"Shaded","section":"Shading Mode"},"sceneLighting":false,"audioPlay":false,"sceneViewState":{"m_AlwaysRefresh":false,"showFog":true,"showSkybox":false,"showFlares":true,"showImageEffects":true,"showParticleSystems":true,"showVisualEffectGraphs":true,"m_FxEnabled":true},"in2DMode":false,"pivot":{"x":9.328527450561524,"y":2.3952341079711916,"z":-0.14300589263439179},"rotation":{"x":0.038534313440322879,"y":0.9572859406471252,"z":0.15175163745880128,"w":-0.24342381954193116},"size":1.0517091751098633,"orthographic":true}